Machine_ID,Machine_Name,Operating_Hours,Temperature_C,Pressure_Bar,Vibration_Level,Energy_Consumption_kWh,Part_Failure,Maintenance_Schedule
1,Lathe Machine,1360,63.93,4.49,1.75,401.09,No,Monthly
2,Hydraulic Press,4272,65.87,4.62,5,498.93,No,Quarterly
3,Grinding Machine,3592,81.92,8.87,2.09,136.01,No,Annual
4,CNC Machine,966,78.92,5.59,1.18,256.84,No,Monthly
5,Welding Machine,4926,58.18,7.51,3.84,243.94,Yes,Monthly
6,Welding Machine,3944,45.26,1.94,2.76,187.02,No,Bi-Annual
7,Lathe Machine,3671,75.15,3.03,0.83,139.14,No,Annual
8,Welding Machine,3419,59.52,7.33,1.97,79.56,No,Bi-Annual
9,Hydraulic Press,630,39.26,1.48,2.13,449.2,No,Monthly
10,CNC Machine,2185,93.04,5.38,3.79,238.93,No,Quarterly
11,Drilling Machine,1269,78.39,6.39,0.2,273.6,No,Annual
12,Hydraulic Press,2891,77.82,6.42,1.42,462.62,No,Monthly
13,3D Printer,2933,87.58,1.21,2.64,399.33,No,Monthly
14,Milling Machine,1684,67.08,3.9,1.42,108.73,No,Quarterly
15,CNC Machine,3885,87.05,6.73,3.18,304.44,No,Monthly
16,Welding Machine,4617,64.87,2.34,2.46,249.01,No,Monthly
17,Lathe Machine,3404,34.7,7.26,1.87,408.74,No,Annual
18,Drilling Machine,974,58.37,7.71,4.75,375.9,No,Annual
19,Grinding Machine,1582,64.82,9.84,3.2,360.68,No,Annual
20,Drilling Machine,3058,80.41,2.89,0.74,203.25,No,Bi-Annual
21,Hydraulic Press,2547,37.46,8.43,2.84,412.23,No,Quarterly
22,Milling Machine,3247,39.8,5.68,3.93,73.58,No,Annual
23,Drilling Machine,1475,48.46,4.36,3.57,121.83,No,Bi-Annual
24,Grinding Machine,2306,48.65,2.1,0.94,201.03,No,Bi-Annual
25,3D Printer,689,81.25,7.62,4.86,84.56,Yes,Quarterly
26,Lathe Machine,3234,47.55,3.12,2.3,155.75,No,Quarterly
27,CNC Machine,3505,74.32,4.34,0.88,423.57,No,Monthly
28,Milling Machine,2399,64.6,1.56,0.98,476.71,Yes,Bi-Annual
29,Grinding Machine,1767,70.13,8.21,0.58,187.07,Yes,Annual
30,Welding Machine,2028,88.67,7.9,4.04,169.03,No,Quarterly
31,Hydraulic Press,3702,58.31,7.6,0.7,175.95,No,Bi-Annual
32,Hydraulic Press,4056,83.96,3.69,0.71,174.97,No,Annual
33,Hydraulic Press,4390,59.54,2.56,4.27,66.17,No,Bi-Annual
34,Welding Machine,1146,54.77,6.74,1.79,467.11,No,Quarterly
35,Welding Machine,3388,97.1,5.47,0.25,146.16,No,Monthly
36,Milling Machine,2935,42.91,2.6,0.35,239,No,Bi-Annual
37,Drilling Machine,1100,36.32,7.17,0.8,54.36,No,Annual
38,Milling Machine,2863,83.97,9.92,1.15,436.08,No,Quarterly
39,Hydraulic Press,2561,34.78,7.72,3.36,379.02,No,Monthly
40,3D Printer,741,88.6,7.66,0.87,476.04,Yes,Annual
41,Grinding Machine,2541,60.6,9.55,0.68,401.73,No,Annual
42,CNC Machine,3324,94.09,2.83,3.85,191.17,No,Annual
43,CNC Machine,3112,80.51,6.09,3.39,161.54,No,Bi-Annual
44,Milling Machine,1863,72.73,9.82,2.23,363.97,No,Quarterly
45,Hydraulic Press,1978,96.45,2.49,2.79,213.85,No,Annual
46,Welding Machine,3056,57.77,7.3,1.63,304.8,No,Bi-Annual
47,Lathe Machine,1275,96.79,6.27,2.46,52.82,No,Quarterly
48,3D Printer,4514,39.45,6.28,2.58,77.85,No,Quarterly
49,Milling Machine,534,63.86,7.28,2,290.92,No,Bi-Annual
50,Hydraulic Press,3652,48.89,9.37,4.54,304.73,No,Bi-Annual
51,Drilling Machine,2455,67.79,8.04,0.18,388.15,No,Annual
52,CNC Machine,2085,41.34,1.51,3.93,109.38,No,Quarterly
53,CNC Machine,4443,88.91,8.67,0.71,280.93,No,Monthly
54,3D Printer,3573,89.25,3.03,4.01,137.5,No,Bi-Annual
55,CNC Machine,1521,96.87,4.39,3.12,91.94,Yes,Quarterly
56,Lathe Machine,3961,40.83,5.16,4.23,234.72,Yes,Quarterly
57,Hydraulic Press,3113,73.63,5.33,0.58,123.5,No,Annual
58,Hydraulic Press,4343,63.2,4.92,2.84,149.8,No,Monthly
59,3D Printer,2000,54.11,9.44,2.56,192.9,No,Annual
60,Hydraulic Press,661,54.61,7.35,3.56,166.72,No,Monthly
61,Welding Machine,4797,58.9,6.68,2.72,89.42,No,Monthly
62,3D Printer,2481,79.34,1.45,2.75,90.46,No,Bi-Annual
63,Hydraulic Press,1495,71.88,9.14,2.21,136.96,No,Quarterly
64,Lathe Machine,3842,62.18,9.18,1.61,72.75,No,Quarterly
65,Grinding Machine,4298,35.32,8.02,2.46,331.91,No,Quarterly
66,Milling Machine,1775,35.44,1.06,0.68,179.3,No,Monthly
67,Milling Machine,1516,30.16,1.52,4.81,175.89,No,Quarterly
68,Hydraulic Press,837,97.74,3.03,3.6,199.4,No,Bi-Annual
69,Drilling Machine,1378,30.37,2.18,4.77,348.26,No,Monthly
70,CNC Machine,1576,37.22,4.59,1.21,441.79,No,Monthly
71,Lathe Machine,4493,52.02,9.3,4.41,391.59,No,Monthly
72,Drilling Machine,879,86.52,5.25,4.06,377.39,No,Monthly
73,Welding Machine,992,97.35,1.12,3.42,267.98,No,Bi-Annual
74,Drilling Machine,2562,85.3,3.54,3.16,362.21,No,Quarterly
75,Hydraulic Press,4384,78.34,1.4,1.65,298.74,No,Bi-Annual
76,Lathe Machine,564,66.49,1.33,4.1,147.31,No,Quarterly
77,Milling Machine,3068,36.07,3.48,2.56,143.86,No,Bi-Annual
78,CNC Machine,2527,97.07,3.48,0.45,183.38,No,Annual
79,Milling Machine,3195,83.09,8.08,1.63,459.86,No,Annual
80,Drilling Machine,1995,74.73,9.77,4.68,296.34,No,Annual
81,Welding Machine,891,83.13,4.34,4.27,380.26,No,Annual
82,CNC Machine,4974,80.69,4.86,4.91,205.95,Yes,Monthly
83,Grinding Machine,4061,74.61,8.6,3.18,233.47,No,Monthly
84,Drilling Machine,2778,98.64,3.41,1.31,106.5,No,Bi-Annual
85,Milling Machine,3599,93.24,2.41,0.9,127.08,No,Bi-Annual
86,Milling Machine,700,75.27,8.68,1.02,422.31,No,Annual
87,Hydraulic Press,3604,78.52,1.42,0.2,313.18,No,Quarterly
88,Milling Machine,2954,33.61,6.58,2.01,201.89,No,Annual
89,Lathe Machine,4145,76.89,6.06,1.04,411.28,No,Bi-Annual
90,Drilling Machine,1304,33.09,4.11,2.12,160.93,No,Annual
91,3D Printer,3231,71.18,3.84,4.68,489.21,No,Bi-Annual
92,3D Printer,3273,99.95,7.95,2.21,205.17,No,Annual
93,Welding Machine,2070,68.91,1.78,4.4,201.79,No,Quarterly
94,CNC Machine,3190,63.12,3.13,3.07,190.36,No,Annual
95,Milling Machine,4340,51.9,7.59,1.31,104.95,No,Quarterly
96,Hydraulic Press,1528,38.44,5.93,1.84,100.01,No,Quarterly
97,Hydraulic Press,1002,81.17,2.15,0.51,341.65,No,Bi-Annual
98,Milling Machine,4993,43.48,8.94,1.73,443.8,No,Quarterly
99,Lathe Machine,1370,38.07,4.54,3.42,405.73,No,Monthly
100,Hydraulic Press,4988,59.52,8.45,0.45,113.5,No,Monthly
101,3D Printer,706,85.67,8.09,1.11,295.51,No,Monthly
102,CNC Machine,1984,82.15,6.62,1.97,97.52,Yes,Bi-Annual
103,Drilling Machine,1363,33.84,5.45,4.91,70.38,No,Monthly
104,Grinding Machine,3290,61.86,9.82,3.95,345.37,No,Bi-Annual
105,Lathe Machine,1063,66.57,2.3,3.69,290.82,No,Bi-Annual
106,Welding Machine,4691,75.12,7.53,0.67,86.91,No,Monthly
107,Welding Machine,2257,75.51,2.72,3.93,65.72,No,Quarterly
108,Hydraulic Press,2178,55.53,4.04,3.95,495.39,No,Annual
109,Drilling Machine,3742,69.25,3.78,3.05,63.51,Yes,Bi-Annual
110,Grinding Machine,1559,63.67,9.52,4.95,250.04,No,Monthly
111,Welding Machine,2222,91.95,9.71,1.69,277.08,No,Bi-Annual
112,Milling Machine,3814,67.12,2.65,4.71,102.78,No,Quarterly
113,Milling Machine,3657,60.87,1.2,4.58,126.08,No,Quarterly
114,CNC Machine,3125,58.31,7.48,0.16,208.31,No,Monthly
115,Grinding Machine,3229,70.07,4.76,2.31,392.75,No,Bi-Annual
116,Milling Machine,2097,86.28,1.8,4.89,278.19,No,Annual
117,Welding Machine,3560,67.69,7.15,0.61,337.06,No,Annual
118,Milling Machine,3193,76.32,5.91,2.78,493.33,No,Bi-Annual
119,3D Printer,4127,81.65,9.82,4.9,395.6,No,Bi-Annual
120,Hydraulic Press,1863,66.41,3.05,2.82,245.46,No,Bi-Annual
121,Welding Machine,2481,59.88,4.64,1.03,250.9,Yes,Monthly
122,Welding Machine,2163,91.37,5.88,2.95,328.45,No,Quarterly
123,Welding Machine,2029,59.23,8.13,1.1,349.41,No,Annual
124,CNC Machine,2538,62.34,5.94,2.65,275.32,No,Monthly
125,Drilling Machine,3802,99.32,6.52,0.46,340.19,No,Bi-Annual
126,Welding Machine,2737,30.02,3.04,3.07,60.59,No,Bi-Annual
127,Milling Machine,1806,42.98,8.62,2.63,243.33,No,Quarterly
128,3D Printer,4529,56.88,4.86,3.73,175.52,No,Bi-Annual
129,Welding Machine,3175,95.28,2.27,3.19,108.13,No,Monthly
130,Lathe Machine,1782,34.9,6.98,2.79,94.8,No,Monthly
131,Lathe Machine,1209,30.66,2.94,3.48,321.44,No,Quarterly
132,Drilling Machine,4913,33.69,1.88,0.81,285.62,No,Monthly
133,Grinding Machine,4248,36.2,8.76,3.02,164.11,No,Annual
134,CNC Machine,1163,32.63,5.14,0.94,261.93,No,Monthly
135,3D Printer,2498,63.58,7.74,4.64,271.5,No,Monthly
136,Hydraulic Press,3945,70.65,3.62,0.43,137.75,Yes,Monthly
137,3D Printer,4243,49.02,8.08,2.21,343.44,No,Annual
138,Lathe Machine,1995,57.88,2.01,3.51,401.41,No,Bi-Annual
139,Lathe Machine,3804,36.42,4.2,2.34,406.16,No,Monthly
140,Drilling Machine,4263,53.55,9.8,0.55,321.11,No,Quarterly
141,Grinding Machine,2353,66.58,8.15,2.81,280.24,No,Annual
142,Grinding Machine,1791,81.26,5.48,3.24,77.45,No,Quarterly
143,Drilling Machine,4081,30.23,4.06,3.55,179.52,No,Monthly
144,Welding Machine,3957,62.71,8.85,1.93,91.97,No,Quarterly
145,3D Printer,2136,50.79,5.9,2.86,483.72,Yes,Monthly
146,Lathe Machine,4196,89.7,7.83,2.31,110.79,Yes,Annual
147,3D Printer,3499,80.09,7.79,3.39,118.3,No,Quarterly
148,3D Printer,3652,71.24,1.16,2.96,450.31,Yes,Quarterly
149,CNC Machine,1198,49.41,2.14,2.68,474.77,No,Monthly
150,Lathe Machine,2660,93.72,6.94,1.32,394.62,No,Monthly
151,Grinding Machine,4597,33.16,2.45,0.11,52.43,No,Bi-Annual
152,Hydraulic Press,1354,37.66,3.3,0.95,50.61,No,Monthly
153,3D Printer,3974,57.41,9.52,0.67,220.15,No,Monthly
154,Lathe Machine,2207,38.71,6.04,2.3,114.53,No,Bi-Annual
155,3D Printer,3277,96.95,7.76,3.1,58.27,No,Monthly
156,CNC Machine,2233,85.86,6.02,1.14,258.83,No,Monthly
157,Welding Machine,4010,48.13,5.97,4.7,474.38,No,Bi-Annual
158,Milling Machine,702,71.2,1.85,0.13,195.72,No,Annual
159,Lathe Machine,3755,98.76,4.09,3.88,347.51,No,Annual
160,Drilling Machine,4718,91.89,3.54,3.16,343.51,No,Monthly
161,Milling Machine,4996,72.06,4.52,1.93,162.99,No,Monthly
162,3D Printer,1266,93.26,8.19,0.35,342.69,No,Bi-Annual
163,Drilling Machine,4889,99.24,4.35,3.17,145.55,No,Bi-Annual
164,Drilling Machine,2827,82.03,5.07,1.99,104.9,No,Annual
165,Drilling Machine,3431,34.55,4.58,4.69,365.62,No,Quarterly
166,Lathe Machine,697,58.11,1.84,2.76,101.05,No,Monthly
167,Grinding Machine,2430,88.65,4.97,4.7,498.61,No,Quarterly
168,3D Printer,4082,46.14,2.76,1.18,132.55,No,Quarterly
169,Milling Machine,1108,88.14,2.68,3.66,317.36,No,Bi-Annual
170,CNC Machine,3772,38.42,1.85,3.12,235.12,No,Monthly
171,Grinding Machine,1647,33.29,4.21,3.72,106.87,No,Monthly
172,3D Printer,4782,56.89,7.82,1.15,62.53,No,Bi-Annual
173,Welding Machine,3897,32.57,3.49,3.36,330.23,No,Quarterly
174,Welding Machine,3011,97.01,3.81,2.54,413.04,No,Bi-Annual
175,Lathe Machine,2294,87.83,6.78,3.74,428.91,No,Annual
176,Drilling Machine,1159,86.05,2.76,1.7,267.22,No,Monthly
177,CNC Machine,3311,74.08,9.07,4.46,399.85,No,Annual
178,3D Printer,1869,45.14,5.68,0.51,352.78,No,Bi-Annual
179,Milling Machine,2486,66.28,5.03,4.06,375.91,No,Monthly
180,3D Printer,646,71.81,6.02,4.32,271.67,No,Annual
181,Grinding Machine,3719,66.75,2.49,4.1,335.04,No,Annual
182,Welding Machine,3411,48.22,6.52,2.61,412.49,No,Quarterly
183,Hydraulic Press,2234,66.07,4.27,2.25,229.05,No,Monthly
184,Grinding Machine,2343,64.38,9.07,4.98,412.69,No,Annual
185,3D Printer,988,99.74,2.52,1.22,316.41,No,Annual
186,CNC Machine,3476,92.82,5.56,2.78,124.66,No,Quarterly
187,3D Printer,2459,62.44,6.38,3.39,61.11,No,Annual
188,3D Printer,2885,73.61,1.3,3.53,213.24,No,Annual
189,Lathe Machine,3419,82.35,4.27,1.1,296.01,No,Annual
190,Milling Machine,2302,32.44,7.59,3.3,427.92,No,Quarterly
191,CNC Machine,4561,92.64,8.38,4.11,107.37,No,Annual
192,3D Printer,3869,90.21,3.82,0.35,410.09,No,Annual
193,Drilling Machine,762,62.02,8.19,4.57,438.35,No,Monthly
194,Milling Machine,1123,57.38,9.71,0.24,117.81,No,Monthly
195,Grinding Machine,1516,49.11,8.71,1.84,433.22,No,Quarterly
196,CNC Machine,4143,63.37,2.06,0.18,496.15,No,Bi-Annual
197,Grinding Machine,2549,33.11,7.66,0.48,377.08,Yes,Monthly
198,Welding Machine,4223,89.65,3.88,4.56,403.15,No,Quarterly
199,3D Printer,3608,32.48,9.9,1.84,497.49,No,Annual
200,Grinding Machine,4590,53.03,5.37,2.18,322.47,No,Annual
201,Grinding Machine,2556,95.21,2.1,1.16,188.55,No,Quarterly
202,Lathe Machine,3670,81.46,7.53,3.03,426.89,No,Annual
203,Grinding Machine,2182,49.7,3.91,3.01,326.52,Yes,Annual
204,Drilling Machine,2755,47.69,9.97,1.92,311.54,No,Bi-Annual
205,Drilling Machine,1654,30.36,9.82,1.73,164.14,No,Annual
206,Milling Machine,4999,78.7,6.91,4.44,390.35,No,Monthly
207,3D Printer,3691,33.41,2.17,1.98,86.75,No,Annual
208,Hydraulic Press,2196,67.28,7.18,2.52,465.93,No,Quarterly
209,Welding Machine,4491,97.35,1.84,1.49,196.62,No,Bi-Annual
210,Grinding Machine,2148,37.66,1.26,3.96,107.5,No,Annual
211,Grinding Machine,1945,92.61,8.41,2.05,249.06,No,Quarterly
212,CNC Machine,4699,99.4,2.89,2.62,69.11,No,Monthly
213,Lathe Machine,4423,34.31,4.41,1.34,358.08,No,Annual
214,Hydraulic Press,753,91.8,9.76,4.94,456.22,Yes,Bi-Annual
215,Milling Machine,3683,66.13,4.03,1.53,426.77,No,Annual
216,Welding Machine,3057,93.46,3.67,3.88,107.32,No,Quarterly
217,Hydraulic Press,598,69.99,9.26,2.19,106.82,No,Bi-Annual
218,Grinding Machine,2700,76.35,2,1.11,416.05,Yes,Annual
219,CNC Machine,3461,68.06,7.84,4.02,465.91,No,Monthly
220,3D Printer,4933,90.51,9.89,1.73,257.3,No,Bi-Annual
221,Lathe Machine,4277,81.37,9.11,4.34,274.54,No,Monthly
222,3D Printer,3369,66.49,6.87,4.58,193.22,No,Quarterly
223,Milling Machine,3734,90.77,3.83,4.31,452.42,No,Annual
224,Hydraulic Press,4291,47.17,3.29,0.27,340.21,No,Monthly
225,Milling Machine,1456,41.01,8.37,3.96,179.71,No,Quarterly
226,Grinding Machine,4567,41.23,8.92,2.12,184.45,No,Annual
227,Milling Machine,660,53.38,5.73,4.38,451.04,No,Quarterly
228,3D Printer,4993,46.71,3.2,3.23,56.14,No,Monthly
229,CNC Machine,1800,95.11,2.02,4.18,195.23,No,Quarterly
230,Milling Machine,4487,37.41,1.78,2.55,299.46,No,Bi-Annual
231,Drilling Machine,2027,78.93,7.47,2.72,116.7,No,Annual
232,CNC Machine,1718,43.25,4.78,0.81,91.44,No,Quarterly
233,Hydraulic Press,4996,91.71,9.15,3.94,416.87,No,Monthly
234,Lathe Machine,3604,97.29,7.66,2.16,452.48,No,Annual
235,Lathe Machine,3235,62.58,2.72,2.55,420.62,No,Bi-Annual
236,Grinding Machine,1454,91.54,6.52,3.95,454.45,No,Annual
237,Grinding Machine,3946,30.36,4.92,3.03,298.9,No,Bi-Annual
238,Drilling Machine,1545,87.4,6.2,1.09,415.52,No,Annual
239,Hydraulic Press,2193,46,7.64,2.99,222.82,No,Quarterly
240,3D Printer,3936,93.61,8.26,2.1,349.82,No,Quarterly
241,Lathe Machine,1062,30.08,8.59,2.4,494.98,No,Monthly
242,Lathe Machine,2985,68.93,3.29,0.24,151.58,No,Bi-Annual
243,Lathe Machine,3854,82.96,1.28,1.13,225.45,No,Monthly
244,3D Printer,725,48.11,7.65,1.48,266.02,No,Quarterly
245,Lathe Machine,1459,43.52,1.96,3.59,112.11,No,Bi-Annual
246,Milling Machine,3567,35.89,3.83,0.16,86.47,No,Monthly
247,Hydraulic Press,1315,52.85,1.03,2.1,423.38,No,Monthly
248,CNC Machine,3620,69.19,7.14,4.63,489.56,No,Monthly
249,CNC Machine,516,38.11,2.5,0.65,232.13,No,Monthly
250,Drilling Machine,1743,56.37,6.9,2.63,89.44,Yes,Monthly
251,Milling Machine,2705,30.64,9.93,3.95,79.62,No,Bi-Annual
252,Lathe Machine,3024,87.31,1.65,4.72,451.09,No,Monthly
253,Lathe Machine,1569,38.99,1.69,3.76,258.72,Yes,Bi-Annual
254,Grinding Machine,3944,49.83,4.06,3.63,194.01,No,Monthly
255,Grinding Machine,3065,31.29,8.8,4.15,264.41,No,Quarterly
256,Drilling Machine,1560,60.26,2.94,2.29,193.24,No,Quarterly
257,Lathe Machine,2827,88.81,4.24,4.05,270.07,No,Monthly
258,Drilling Machine,3920,57.45,1.62,0.14,436.8,No,Annual
259,Milling Machine,801,42.56,7.87,4.63,316.54,No,Quarterly
260,CNC Machine,4776,82.76,4.67,2.27,362.59,No,Bi-Annual
261,Lathe Machine,1106,85.22,7.83,2.81,214.1,No,Monthly
262,Hydraulic Press,3670,42.16,9.13,1.35,382.33,No,Bi-Annual
263,3D Printer,1199,83.96,3.09,3.74,349.98,No,Annual
264,Milling Machine,1639,96.31,8.27,0.48,103.8,Yes,Monthly
265,Lathe Machine,690,41.65,1.53,4.38,307.69,No,Quarterly
266,3D Printer,2800,83.97,9.09,4.16,165.53,No,Bi-Annual
267,Hydraulic Press,1480,79.6,6.86,1.16,411.84,No,Quarterly
268,Grinding Machine,3475,63.15,8.87,4.07,241.67,No,Quarterly
269,Drilling Machine,1684,34.05,1,3.95,497.61,No,Monthly
270,Grinding Machine,3827,35.23,2.52,3.2,91.63,No,Bi-Annual
271,CNC Machine,3894,89.67,4.51,1.93,401.16,Yes,Annual
272,Grinding Machine,627,99.31,4.42,1.43,353.17,No,Quarterly
273,Lathe Machine,2565,77.32,3.04,1.24,395.37,No,Monthly
274,Hydraulic Press,2316,61.22,4.43,1.66,188.39,No,Monthly
275,Grinding Machine,1069,75.33,2.16,4.53,271.42,No,Annual
276,Lathe Machine,2395,71.61,4.71,0.48,408.43,No,Monthly
277,CNC Machine,3233,56.85,8.22,4.16,154.64,No,Quarterly
278,3D Printer,4363,34.59,5.31,1.81,151.71,No,Monthly
279,Hydraulic Press,4514,87.51,1.16,2.66,297.97,Yes,Bi-Annual
280,Grinding Machine,3401,56.03,4.79,3.99,285.6,No,Bi-Annual
281,Drilling Machine,2186,87.31,1.24,4.43,177.02,No,Quarterly
282,Drilling Machine,3509,47.68,9.7,1.79,184.13,No,Bi-Annual
283,Hydraulic Press,654,30.07,2.15,2.36,175.03,No,Annual
284,Drilling Machine,3037,41.13,7.37,2.13,397.18,No,Monthly
285,Grinding Machine,1909,62.8,9.75,0.16,343.36,No,Quarterly
286,Grinding Machine,4557,96.1,8.43,1.55,424.59,No,Annual
287,Hydraulic Press,1284,37.15,7.29,2.35,488.96,No,Monthly
288,Grinding Machine,3675,89.79,8.56,2.11,263.37,No,Annual
289,3D Printer,4841,66.89,9.84,3.64,80.01,No,Quarterly
290,Lathe Machine,3306,87.81,6.59,1.99,71.64,No,Quarterly
291,CNC Machine,1037,50.89,6.03,2.5,183.05,No,Annual
292,3D Printer,2341,88.8,6.65,2.21,469.65,No,Monthly
293,3D Printer,2955,84.1,5.79,3.73,285.45,No,Bi-Annual
294,Drilling Machine,1024,46.1,6.72,4.33,172.3,No,Bi-Annual
295,Lathe Machine,3450,39.19,5.05,2.71,229.63,No,Annual
296,Hydraulic Press,4631,90.76,2.97,3.97,319.37,No,Quarterly
297,Welding Machine,4615,97.43,2.08,1.55,343.83,No,Monthly
298,Drilling Machine,2868,32.19,1.62,2.75,119.26,No,Monthly
299,Lathe Machine,4347,81.19,3.37,1.79,489.66,No,Quarterly
300,Grinding Machine,4995,93.67,1.42,2.13,295.15,No,Bi-Annual
301,Hydraulic Press,3201,90.02,6.1,3.69,111.06,No,Monthly
302,Welding Machine,1471,97.52,3.55,4.42,452.14,No,Annual
303,Hydraulic Press,1666,83.21,8.42,0.7,83.59,No,Bi-Annual
304,Welding Machine,3274,60.96,1.67,3.21,458.48,No,Annual
305,Welding Machine,2482,51.84,3.04,2.95,498.45,Yes,Bi-Annual
306,Drilling Machine,1353,52.45,7.57,0.68,365.19,No,Quarterly
307,Grinding Machine,4646,80.71,6.39,1.14,396.7,No,Annual
308,Drilling Machine,4236,82.21,1.58,1.62,201.79,Yes,Annual
309,Welding Machine,4269,44.03,8.9,0.92,473.71,No,Quarterly
310,Welding Machine,1074,90.77,8.9,1.29,288.37,No,Annual
311,Milling Machine,3761,80.04,3.97,1.41,379.57,No,Bi-Annual
312,Lathe Machine,1648,69.39,4.06,1.74,465.85,No,Monthly
313,Milling Machine,2215,63.01,9.9,3.77,488.83,No,Monthly
314,Lathe Machine,4354,68.03,6.64,2.9,424.94,No,Quarterly
315,CNC Machine,2991,41.15,5.78,4.93,186.36,No,Bi-Annual
316,3D Printer,3160,44.26,8.54,2.13,484.95,No,Annual
317,Hydraulic Press,3624,36.38,3.57,3.79,332.65,No,Annual
318,Drilling Machine,3551,40.76,4.86,4.37,468.79,No,Monthly
319,CNC Machine,504,61.76,3.41,3.43,354.25,No,Annual
320,CNC Machine,1376,67.12,8.1,2.12,188.26,No,Monthly
321,Hydraulic Press,1491,31.25,6.16,3.79,216.51,No,Quarterly
322,Hydraulic Press,4642,85.78,6.93,1.1,297.71,No,Annual
323,Lathe Machine,4864,50.59,3.27,1.71,405.51,No,Bi-Annual
324,Milling Machine,4965,93.83,2.98,2.78,193.09,No,Annual
325,Grinding Machine,1135,97.73,5.4,2.92,310.88,No,Monthly
326,Lathe Machine,2193,42.98,7.64,0.21,205.53,No,Quarterly
327,Grinding Machine,2182,62.35,5.73,4.73,417.1,No,Monthly
328,CNC Machine,619,30.09,1.29,3.51,260.03,No,Annual
329,Grinding Machine,1330,71.88,8.82,2.53,84.53,No,Monthly
330,Milling Machine,4175,72.51,1.58,4.67,124.72,No,Monthly
331,Lathe Machine,1869,47.33,9.6,2.25,77.5,No,Quarterly
332,Welding Machine,1240,69.09,1.23,4.9,274.69,No,Bi-Annual
333,Hydraulic Press,616,45.79,7.25,2.61,97.85,No,Annual
334,Welding Machine,3338,41.26,1.74,0.66,101.36,Yes,Quarterly
335,Milling Machine,1650,75.61,9.2,3.85,473.47,No,Bi-Annual
336,3D Printer,2431,52.81,5.18,3.43,442.69,No,Monthly
337,Milling Machine,1512,71.32,2.24,3.89,253.44,No,Bi-Annual
338,3D Printer,2164,60.33,4.07,4.76,493.61,No,Monthly
339,Lathe Machine,1581,98.9,2.48,3.9,50.08,Yes,Monthly
340,Hydraulic Press,1012,40.47,2.54,3.1,326.29,No,Quarterly
341,Milling Machine,3349,62.52,9.53,4.3,327.39,No,Monthly
342,Welding Machine,1059,77.63,5.01,3.4,255.85,No,Quarterly
343,3D Printer,4172,57.69,8.1,2.1,228.63,No,Bi-Annual
344,Hydraulic Press,3843,98.23,6.76,4.44,254.92,No,Bi-Annual
345,Drilling Machine,4570,80.53,7.09,1.19,236.73,No,Monthly
346,Drilling Machine,1970,75.99,2.19,3.6,378.72,No,Quarterly
347,Drilling Machine,1080,82.99,3.11,4.42,110.91,No,Monthly
348,Grinding Machine,2794,96.69,8.08,3.68,138.94,No,Quarterly
349,Milling Machine,3647,93.55,9.74,3.52,131.23,No,Quarterly
350,Lathe Machine,4749,80.7,3.36,3.79,168.11,No,Quarterly
351,Welding Machine,2179,82.44,3.44,2.38,286.37,No,Bi-Annual
352,Lathe Machine,4006,40.21,5.26,4.38,100.04,Yes,Quarterly
353,Grinding Machine,3244,37.2,9.85,1.1,440.68,Yes,Bi-Annual
354,Lathe Machine,3856,69.96,3.42,0.72,183.81,No,Quarterly
355,3D Printer,4545,31.29,4.66,1.5,123.14,No,Bi-Annual
356,Drilling Machine,1743,63.76,9.02,2.7,354.03,Yes,Annual
357,Welding Machine,3618,44.72,1.03,2.6,67.14,No,Bi-Annual
358,Milling Machine,2641,54.22,1.36,4.12,328.99,No,Bi-Annual
359,Lathe Machine,3559,84.31,6.44,2.08,364.19,Yes,Monthly
360,Lathe Machine,3459,95.89,9.17,2.47,146.71,No,Quarterly
361,CNC Machine,2765,35.07,3.15,0.17,68.88,No,Annual
362,CNC Machine,2979,67.4,5.23,2.11,213.64,No,Monthly
363,CNC Machine,2135,91.78,5.05,3.27,94.37,No,Quarterly
364,Milling Machine,2257,35.78,5.26,0.18,102.42,No,Annual
365,Drilling Machine,4952,87.72,6.6,1.48,164.42,No,Annual
366,Hydraulic Press,2570,55.05,5.23,1.12,182.96,No,Annual
367,Drilling Machine,3349,52.55,5.03,0.31,288.49,No,Quarterly
368,Welding Machine,3751,98.42,5.27,2.45,355.28,No,Annual
369,Drilling Machine,4230,44.06,6.32,0.99,316.75,Yes,Annual
370,Milling Machine,2989,78.52,5.83,3.74,116.76,Yes,Monthly
371,3D Printer,2131,87.5,8.69,4.25,127.44,Yes,Bi-Annual
372,3D Printer,3316,32.88,1.45,2.77,445.45,No,Quarterly
373,Milling Machine,1515,76.93,8.5,4.91,301.26,No,Bi-Annual
374,CNC Machine,1848,96.61,8.6,2.31,441.47,No,Monthly
375,Lathe Machine,3587,38.7,3.56,2.62,217.2,No,Bi-Annual
376,Grinding Machine,3339,92.74,5.17,4.95,326.48,No,Annual
377,Grinding Machine,835,71.63,4.95,1.23,285.65,No,Annual
378,Hydraulic Press,1395,73.16,2.97,4.72,193.61,No,Quarterly
379,Lathe Machine,4046,72.91,4.57,0.31,261.46,No,Quarterly
380,Hydraulic Press,1351,50.92,1.4,2.29,276.12,No,Quarterly
381,CNC Machine,2187,95.46,3.5,0.44,140.35,No,Monthly
382,Hydraulic Press,2431,96.31,8.35,3.67,191.75,No,Quarterly
383,Lathe Machine,4246,73.77,3.56,3.08,406.13,No,Monthly
384,Welding Machine,2927,84.84,8.36,3.56,462.1,No,Annual
385,Lathe Machine,2068,72.86,5.78,1.93,211.91,No,Bi-Annual
386,Grinding Machine,4500,63.91,8.92,1.91,188.14,No,Annual
387,3D Printer,3238,76.26,6.17,0.32,137.84,No,Annual
388,CNC Machine,3998,68.71,1.27,1.81,355.32,No,Annual
389,Welding Machine,4413,71.82,7.08,4.65,195.39,Yes,Quarterly
390,Milling Machine,1566,84.87,1.4,1.96,494.49,No,Quarterly
391,Welding Machine,4880,63.66,5.06,4.17,196.56,Yes,Quarterly
392,Welding Machine,2944,32.85,9.36,4.23,227.36,No,Bi-Annual
393,Hydraulic Press,4607,41.48,2.49,1.93,321.5,No,Quarterly
394,Grinding Machine,3873,60.7,4.51,3.2,410.76,No,Monthly
395,Hydraulic Press,4469,80.74,7.57,0.57,261.28,No,Annual
396,Hydraulic Press,3046,71.53,8.94,0.61,240.2,No,Bi-Annual
397,Milling Machine,1253,75.52,7.04,0.34,498.04,No,Bi-Annual
398,CNC Machine,2582,63.55,3.32,2.95,54.72,No,Bi-Annual
399,Lathe Machine,3274,73.1,7.07,2.19,452.78,No,Bi-Annual
400,Drilling Machine,3396,53.03,3.67,2.79,117.11,No,Bi-Annual
401,Hydraulic Press,4685,62.91,7.47,2.65,403.67,No,Monthly
402,Drilling Machine,1275,82.1,9.59,1.82,328.07,No,Annual
403,CNC Machine,2125,91.03,7.49,3.42,203.83,No,Bi-Annual
404,Drilling Machine,3569,60.36,8.77,3.82,443.24,No,Annual
405,Hydraulic Press,917,33.06,1.02,0.17,55.81,No,Quarterly
406,Milling Machine,614,41.32,7.46,1.12,152.01,Yes,Bi-Annual
407,Drilling Machine,1116,31.46,8.47,3.59,305.1,Yes,Bi-Annual
408,CNC Machine,4474,75.73,1.37,1.99,208.19,No,Annual
409,CNC Machine,3767,53.26,8.84,3.35,324.67,No,Bi-Annual
410,3D Printer,1325,67.97,3.31,1.8,60.85,No,Bi-Annual
411,3D Printer,2016,64.53,6.99,2.01,102.41,No,Bi-Annual
412,Milling Machine,3646,35.71,8.2,0.88,107.19,No,Monthly
413,Drilling Machine,912,58.23,6.96,1.37,135.18,No,Monthly
414,Drilling Machine,1228,45.44,1.83,3.07,256.7,No,Bi-Annual
415,3D Printer,3848,59.29,6.37,2.22,388.46,No,Monthly
416,Lathe Machine,3308,44.25,5.95,3.89,457.49,No,Quarterly
417,Grinding Machine,1175,88.83,9.1,4.28,425.92,No,Bi-Annual
418,CNC Machine,3965,42.19,4.64,2.75,138.6,No,Quarterly
419,Lathe Machine,3004,97.25,3.89,3.82,248.52,No,Annual
420,CNC Machine,3467,59.11,7.75,1.6,139.74,No,Quarterly
421,Welding Machine,3286,89.24,4.71,2.13,169.01,No,Annual
422,Welding Machine,1622,74.01,6.81,3.59,276.6,No,Bi-Annual
423,Lathe Machine,4579,81.47,6.82,1.99,80.65,Yes,Annual
424,Welding Machine,2071,83.74,8.99,2.98,148.18,No,Annual
425,3D Printer,2643,65.34,6.39,1.01,470.92,No,Quarterly
426,3D Printer,2187,68.03,5.52,3.04,259.75,No,Quarterly
427,Grinding Machine,4632,65.98,2.25,4.32,250.42,No,Quarterly
428,Lathe Machine,4351,71.16,2.04,4.36,56.56,No,Bi-Annual
429,CNC Machine,3940,32.06,2.39,3.65,161.33,No,Bi-Annual
430,Drilling Machine,4266,57.69,2.55,3.75,439.83,No,Quarterly
431,CNC Machine,2826,72.43,6.74,2.83,124.08,No,Bi-Annual
432,Hydraulic Press,3414,71.84,7.67,2.96,236.81,Yes,Bi-Annual
433,3D Printer,4452,85.51,5.77,0.75,56.45,Yes,Annual
434,Milling Machine,1095,75.85,8.46,2.27,265.25,No,Annual
435,Milling Machine,1228,99.45,9.92,2.31,59.46,Yes,Quarterly
436,3D Printer,1865,49.87,8.38,4.8,418.82,No,Bi-Annual
437,Hydraulic Press,4992,55.14,7.25,2.21,421.18,Yes,Annual
438,Milling Machine,1198,56.87,5.79,2.79,404.48,No,Monthly
439,Welding Machine,895,62.61,5.04,2.71,177.51,No,Bi-Annual
440,3D Printer,4671,88.52,1.76,3.22,426.76,No,Monthly
441,Milling Machine,4860,46.51,4.59,3.77,294.35,Yes,Quarterly
442,3D Printer,3002,84.32,9.19,1.2,218.21,No,Bi-Annual
443,Grinding Machine,2319,58.37,8.27,2.69,331.4,No,Quarterly
444,Drilling Machine,1217,72.13,2.94,4.15,55.55,No,Quarterly
445,Drilling Machine,3282,74.28,5.2,2.37,114.33,No,Quarterly
446,CNC Machine,4077,56.1,8.35,1.46,384.03,Yes,Quarterly
447,Hydraulic Press,643,65.88,1.61,3.31,159.87,No,Quarterly
448,3D Printer,3640,58.91,4.49,4.14,319.1,Yes,Bi-Annual
449,Lathe Machine,4991,34.84,8.67,0.41,223.3,No,Monthly
450,CNC Machine,3438,60.6,4.64,3.91,434.66,Yes,Bi-Annual
451,CNC Machine,4136,36.82,1.7,4.13,478.59,No,Bi-Annual
452,3D Printer,3722,58.35,5.88,2.36,447.6,No,Bi-Annual
453,3D Printer,1667,71.5,8.76,4.92,171.78,No,Annual
454,CNC Machine,3116,70.56,6.31,3.95,137.37,No,Annual
455,CNC Machine,1562,76.38,3.04,3.89,263.5,No,Bi-Annual
456,Drilling Machine,2656,36.67,4.46,3.76,53.3,No,Monthly
457,Lathe Machine,3482,75.65,5.05,0.84,61.61,No,Bi-Annual
458,Welding Machine,3794,51.85,6.21,1.16,298.98,No,Quarterly
459,CNC Machine,1656,57.93,7.83,2.37,284.2,No,Annual
460,Welding Machine,1232,90.06,1.89,1.39,497.56,No,Annual
461,Drilling Machine,4830,30.63,9.01,2.13,140.83,No,Bi-Annual
462,CNC Machine,1453,71.19,1.11,4.45,166.15,No,Bi-Annual
463,Milling Machine,3039,71.91,4.33,4.14,101.09,No,Monthly
464,CNC Machine,3824,57.77,1.25,3.19,462.89,Yes,Monthly
465,3D Printer,3801,46.59,4.54,4.3,400.02,No,Quarterly
466,Hydraulic Press,2042,46.43,5.73,3.94,420.05,No,Bi-Annual
467,Hydraulic Press,1691,91.86,5.61,2.2,456.24,No,Bi-Annual
468,CNC Machine,3493,60.94,2.49,1.09,286.2,No,Bi-Annual
469,Grinding Machine,3181,53.16,6.81,2.62,253.04,No,Annual
470,Milling Machine,1717,61.41,1.4,3.71,198.68,No,Quarterly
471,Lathe Machine,2040,76.86,7.86,2.24,315.15,No,Monthly
472,CNC Machine,3736,40.2,9.52,3.37,254.43,No,Annual
473,Welding Machine,2886,61.46,4.06,0.56,253.2,No,Annual
474,Lathe Machine,4219,71.15,5.66,3.77,471.62,No,Annual
475,Milling Machine,1888,96.4,4.41,4.08,492.81,No,Annual
476,CNC Machine,2356,47.68,1.06,3.56,408.42,No,Quarterly
477,Grinding Machine,1865,55.15,4.47,4.84,390.54,No,Bi-Annual
478,Drilling Machine,999,56.56,8.13,4.15,356.25,No,Monthly
479,Grinding Machine,2180,72.39,6.36,4.53,124.73,No,Monthly
480,3D Printer,1010,54.97,1.91,4.67,76.6,No,Annual
481,Grinding Machine,4812,67.35,8.62,4.03,360.83,No,Annual
482,Welding Machine,1824,84.73,5.78,3.4,377.95,No,Quarterly
483,Drilling Machine,1655,79.38,8.58,0.13,71.14,No,Annual
484,3D Printer,2327,61.25,6.22,2.38,467.62,No,Monthly
485,Drilling Machine,3641,90.5,6.04,2.9,91.01,No,Monthly
486,Hydraulic Press,3986,69.07,1.95,1.59,178.66,No,Bi-Annual
487,Drilling Machine,2310,67.79,2.51,1.66,352.58,No,Bi-Annual
488,CNC Machine,3423,32.39,9.75,4.81,126.44,No,Monthly
489,Lathe Machine,2714,99.07,3.06,4.47,74.94,No,Monthly
490,Hydraulic Press,4686,38.61,9.8,4.26,199.02,No,Quarterly
491,Hydraulic Press,1213,46.18,5.79,2.09,394.69,No,Quarterly
492,Lathe Machine,4102,33.62,2.22,0.17,236.16,No,Monthly
493,Welding Machine,4634,74.8,1.89,0.49,343.84,No,Annual
494,Hydraulic Press,4022,45.73,2.88,1.63,310.83,Yes,Bi-Annual
495,Drilling Machine,4768,42.6,9.33,0.18,60,No,Monthly
496,Grinding Machine,1743,36.2,4.73,0.18,494.84,No,Annual
497,Milling Machine,4209,37.23,4.56,4.59,68.64,Yes,Monthly
498,Welding Machine,1581,70.93,3.82,3.56,485.51,No,Bi-Annual
499,Drilling Machine,955,78.17,2.32,1.61,297.44,No,Bi-Annual
500,3D Printer,1394,57.82,5.39,0.75,483.42,No,Quarterly
501,3D Printer,1884,63.59,2.17,2.61,101.64,No,Quarterly
502,Grinding Machine,2458,78.02,8.52,0.13,270.68,No,Quarterly
503,Welding Machine,3572,31.22,4.33,4.7,126.28,No,Quarterly
504,Welding Machine,2496,52.62,4.37,2.13,72.94,No,Bi-Annual
505,Grinding Machine,4785,98.12,5.27,2.07,327.89,Yes,Annual
506,Welding Machine,1004,70.61,5,2.01,143.5,No,Annual
507,Hydraulic Press,1714,47.8,9.95,0.44,314.46,No,Annual
508,CNC Machine,2031,66.52,5.91,3.23,100.56,No,Monthly
509,CNC Machine,3940,53.99,1.79,3.69,199.39,Yes,Quarterly
510,Welding Machine,1323,67.26,6.46,3.41,401.73,No,Quarterly
511,Hydraulic Press,1428,38.8,2.36,0.78,246.67,No,Bi-Annual
512,Hydraulic Press,633,39.29,1.28,2.94,332.49,No,Bi-Annual
513,Lathe Machine,2605,40.05,9.74,2.89,341.36,No,Monthly
514,Lathe Machine,4127,95.79,7.96,4.36,429.69,No,Monthly
515,Milling Machine,2352,81.3,9.82,1.96,196.22,No,Annual
516,Milling Machine,4675,41.37,5.3,1.92,359.28,No,Bi-Annual
517,Milling Machine,3433,43.18,5.79,3.13,482.73,No,Quarterly
518,Milling Machine,3784,81.16,2.52,3.2,378.61,No,Annual
519,Grinding Machine,4798,40.93,3.22,2.4,270.44,No,Quarterly
520,Grinding Machine,3311,46.42,8.55,2.27,333.82,No,Annual
521,Lathe Machine,1750,97.43,4.21,2.52,382.86,Yes,Quarterly
522,CNC Machine,4012,47.87,8.44,4.32,325.52,No,Monthly
523,Hydraulic Press,1756,76.31,7.38,2.36,57.5,No,Annual
524,3D Printer,3876,98.5,2.59,4.71,137.65,No,Quarterly
525,CNC Machine,3986,56.2,5.57,2.57,414.71,No,Quarterly
526,Drilling Machine,4084,31.23,7.1,4.75,172.69,Yes,Bi-Annual
527,Grinding Machine,1896,47.09,3.12,4.18,379.2,No,Annual
528,Milling Machine,4137,88.16,8.48,1.88,217.45,No,Quarterly
529,Milling Machine,3830,90.52,5.9,4.33,284.85,No,Bi-Annual
530,Drilling Machine,3203,83.8,2.49,0.64,80.59,No,Quarterly
531,CNC Machine,970,37.92,6.25,4.63,131.55,Yes,Annual
532,Milling Machine,1853,85.69,10,3.2,480.74,No,Monthly
533,CNC Machine,3283,94.31,2.35,0.37,450.56,No,Annual
534,Hydraulic Press,3331,72.04,8.35,3.26,343.52,No,Annual
535,Drilling Machine,857,95.86,2.87,4.87,256.84,No,Quarterly
536,3D Printer,3519,87.88,8.04,0.44,354.09,No,Quarterly
537,CNC Machine,1167,76.69,7.61,2.82,328.37,No,Annual
538,Hydraulic Press,4968,70.4,3.7,3.76,305.85,No,Bi-Annual
539,Welding Machine,1645,54.4,3.93,4.07,76.63,No,Bi-Annual
540,Welding Machine,4685,41.15,8.13,2.13,334.76,No,Bi-Annual
541,CNC Machine,4219,72.35,5.15,1.1,396.01,No,Quarterly
542,Welding Machine,3245,52.27,7.58,0.31,497.34,No,Quarterly
543,CNC Machine,1039,90.65,2.33,2.94,54.99,Yes,Annual
544,Milling Machine,3279,99.53,8.67,2.32,378.58,No,Monthly
545,Lathe Machine,4636,82.67,7.4,4.75,307.31,Yes,Quarterly
546,Welding Machine,4275,36.33,9.16,0.4,245.32,No,Annual
547,Grinding Machine,3008,50.21,2.19,3.46,107.41,No,Annual
548,CNC Machine,3279,37.64,6.34,0.22,234.09,No,Monthly
549,CNC Machine,1424,75.54,6.39,0.94,209.47,No,Bi-Annual
550,CNC Machine,3456,83.56,4.18,2.32,186.27,No,Annual
551,Lathe Machine,2081,94.8,5.13,2.33,378.9,No,Annual
552,Hydraulic Press,3824,60.67,1.34,3.46,365.33,No,Annual
553,Welding Machine,4985,93.1,7.71,4.56,315.06,No,Bi-Annual
554,3D Printer,755,91.45,5.94,3.23,472.4,No,Bi-Annual
555,3D Printer,2338,52.2,1.52,4.77,207.43,No,Monthly
556,Drilling Machine,2444,90.82,7.13,4.42,159.71,No,Quarterly
557,Milling Machine,509,56.3,5.2,2.96,345.16,No,Bi-Annual
558,Lathe Machine,3371,50.78,1.31,4.19,139.47,No,Quarterly
559,Hydraulic Press,1297,75.44,9.73,3.25,191.75,No,Quarterly
560,CNC Machine,1515,52.99,9.54,0.48,151.07,No,Bi-Annual
561,Hydraulic Press,2324,74.11,5.62,3.73,81.12,No,Annual
562,Lathe Machine,4969,72.69,1.84,0.57,422.37,Yes,Monthly
563,Lathe Machine,3636,69.44,7.79,3.01,164.54,No,Quarterly
564,Lathe Machine,2693,56.63,5.43,3.54,262.86,No,Annual
565,Drilling Machine,723,68.39,3.72,0.43,69.49,No,Bi-Annual
566,Grinding Machine,4658,71.75,5.42,1.23,364.7,No,Quarterly
567,Milling Machine,4425,68.2,5.7,4.59,198.75,No,Quarterly
568,Drilling Machine,4500,61.11,6.06,3.12,385.13,No,Quarterly
569,Drilling Machine,2133,31.03,4.97,1.31,235.58,No,Annual
570,Welding Machine,2652,71.09,6.45,3.48,138.09,Yes,Annual
571,Grinding Machine,1010,41.79,9.27,3.02,280.93,No,Annual
572,Drilling Machine,884,74.98,4.26,2.56,108.73,No,Quarterly
573,Lathe Machine,904,83.15,7.53,4.88,248.24,No,Quarterly
574,Lathe Machine,2500,65.03,9.05,3.45,192.79,No,Monthly
575,Welding Machine,3256,67.97,5.1,1.94,460.38,No,Monthly
576,Hydraulic Press,2168,96.6,4.99,4.02,77.42,No,Annual
577,CNC Machine,1960,89.3,6.42,4.43,362.31,No,Annual
578,Drilling Machine,4136,94,6.32,0.71,132.24,Yes,Bi-Annual
579,CNC Machine,3224,86.96,8.26,1.08,193.57,No,Annual
580,Milling Machine,4678,37.62,5.29,1.16,236.98,No,Monthly
581,3D Printer,2548,40.43,9.97,3.49,458.61,No,Monthly
582,Lathe Machine,4646,66.86,1.54,3.05,159.16,No,Monthly
583,Hydraulic Press,1216,47.22,1.03,3.13,91.09,No,Quarterly
584,Milling Machine,2323,63.37,6.76,4.71,193.41,Yes,Quarterly
585,Welding Machine,2581,57.61,3.69,3.9,97.1,No,Annual
586,Hydraulic Press,3919,68.46,3.16,0.73,107.87,No,Bi-Annual
587,3D Printer,2074,82.28,3.81,1.8,308.23,No,Bi-Annual
588,3D Printer,749,80.08,3.3,2.23,77.41,No,Bi-Annual
589,Welding Machine,1173,66.49,1.28,2.04,63.92,No,Quarterly
590,Grinding Machine,2665,87.57,9.74,3.38,371.49,No,Monthly
591,Welding Machine,1270,60.16,2.99,4.47,212.74,No,Monthly
592,Lathe Machine,4462,92.77,7.61,1.6,106.42,No,Quarterly
593,Milling Machine,4863,34.99,7.86,2.8,164.13,No,Bi-Annual
594,Grinding Machine,2484,96.83,9.36,3.97,338.94,No,Bi-Annual
595,3D Printer,1577,75.83,1.27,2.14,173.99,No,Annual
596,Milling Machine,735,56.61,8.85,0.92,272.53,Yes,Annual
597,Hydraulic Press,888,43.8,5.75,2.43,104.76,No,Bi-Annual
598,Grinding Machine,3537,63.54,6.69,0.37,314.64,No,Quarterly
599,Grinding Machine,2348,43.62,6.8,4.72,192.23,No,Bi-Annual
600,Lathe Machine,3314,41.64,8.38,0.47,332.14,No,Annual
601,Welding Machine,3874,73.21,4,2.25,413.78,No,Bi-Annual
602,CNC Machine,3778,66.62,7.6,2.7,325.24,No,Quarterly
603,Hydraulic Press,1752,76.91,5.76,4.93,183.09,Yes,Monthly
604,Hydraulic Press,4481,95.07,8.14,0.91,165.08,No,Quarterly
605,Welding Machine,2622,67.26,9.91,0.66,197.34,No,Quarterly
606,Grinding Machine,2650,70.67,2.81,0.14,124.08,No,Annual
607,Grinding Machine,1829,36.27,9.95,0.86,131.53,No,Quarterly
608,Lathe Machine,1858,80.23,1.81,1.12,405.81,No,Quarterly
609,CNC Machine,2982,57.99,1.02,3.19,223.13,No,Annual
610,Hydraulic Press,2517,98.37,1.4,1.18,246.2,No,Annual
611,3D Printer,1831,87.62,4.08,0.2,317.32,No,Monthly
612,Drilling Machine,4844,66.57,6.7,4.15,315.34,No,Bi-Annual
613,Drilling Machine,4761,38.63,1.62,1.89,80.32,No,Quarterly
614,CNC Machine,1858,90.16,1.05,1.83,424.19,No,Annual
615,Milling Machine,3677,85.98,9.43,1.58,129.8,No,Monthly
616,Lathe Machine,2628,42.92,8.4,4.88,375.38,No,Bi-Annual
617,CNC Machine,2680,50.67,8.28,0.93,397.7,No,Annual
618,Welding Machine,637,85.54,8.96,4.5,371.7,No,Bi-Annual
619,Welding Machine,3972,42.97,7.3,3.91,310.54,No,Bi-Annual
620,Drilling Machine,3332,94.24,1.94,0.47,56.57,No,Quarterly
621,Grinding Machine,4079,59.72,4.59,4.93,212.17,No,Quarterly
622,Drilling Machine,3531,36.09,7.51,1.43,322.18,No,Annual
623,Grinding Machine,4664,87.1,3.52,0.58,224.35,No,Bi-Annual
624,Lathe Machine,3093,56.15,7.19,4.16,438.57,No,Annual
625,Grinding Machine,4800,66.85,1.22,3.56,188.96,No,Annual
626,CNC Machine,4318,37.86,3.76,3.12,182.09,No,Bi-Annual
627,Grinding Machine,4638,30.18,5.94,0.86,169.7,No,Annual
628,Milling Machine,4323,74.66,6.69,2.44,199.75,No,Bi-Annual
629,Welding Machine,4542,66.06,6.19,3.92,300.83,No,Bi-Annual
630,CNC Machine,2406,71.55,7.28,1.59,368.16,No,Bi-Annual
631,Welding Machine,1260,85.56,1.05,1.63,348.16,No,Bi-Annual
632,Lathe Machine,3945,75.26,1.91,0.12,413.47,No,Monthly
633,CNC Machine,1399,42.23,8.82,0.95,448.66,No,Bi-Annual
634,Milling Machine,4955,55.25,7.14,4.39,417.24,No,Quarterly
635,Lathe Machine,3447,93.41,2.02,2.26,58.53,No,Quarterly
636,Drilling Machine,2219,83.9,8.58,4.92,381.16,No,Quarterly
637,Milling Machine,780,68.96,3.18,2.04,143.78,No,Bi-Annual
638,Lathe Machine,3766,47.9,5.3,3.6,109.82,No,Quarterly
639,3D Printer,2387,51.14,2.31,1.48,337.32,No,Monthly
640,Grinding Machine,3766,81.24,7.39,1.88,193.88,No,Annual
641,CNC Machine,1166,89.58,7,1.03,75.7,No,Bi-Annual
642,Lathe Machine,4688,77,2.9,1.8,111.93,No,Quarterly
643,CNC Machine,1171,86.67,8.77,2.78,50.42,Yes,Monthly
644,Grinding Machine,2469,83.67,4.61,4.96,456.45,No,Annual
645,Lathe Machine,4656,40.48,3.63,3.35,61.08,No,Monthly
646,Drilling Machine,3622,59.68,2.37,1.08,144.26,No,Quarterly
647,3D Printer,4400,40.71,3.4,0.32,237.32,Yes,Monthly
648,3D Printer,1023,46.47,1.2,0.72,210.46,Yes,Annual
649,Milling Machine,2893,90.85,6.25,2.86,460.28,No,Quarterly
650,Lathe Machine,3617,63.1,8.58,3.85,68.13,No,Annual
651,Grinding Machine,3093,67.48,5.94,4.71,280.5,No,Monthly
652,Lathe Machine,2468,42.49,2.97,0.18,356.22,No,Bi-Annual
653,CNC Machine,2253,51.86,1.3,2.66,469.26,No,Bi-Annual
654,Hydraulic Press,2796,46.12,2.93,2.41,329.17,No,Bi-Annual
655,Welding Machine,2761,44.43,4.75,3.31,411.69,No,Bi-Annual
656,Lathe Machine,2786,74.66,7.84,2.84,87.68,No,Annual
657,3D Printer,4702,47.98,2.69,3.47,223.67,No,Bi-Annual
658,3D Printer,3378,74.24,7.48,3.32,218.28,Yes,Annual
659,Welding Machine,4643,34.09,8.8,0.67,448.83,Yes,Quarterly
660,3D Printer,4144,39.92,5.09,4.02,118.12,No,Bi-Annual
661,Drilling Machine,4932,49.22,8.39,0.7,118.35,No,Annual
662,Lathe Machine,2555,71.79,5.99,3.52,197.85,No,Bi-Annual
663,Milling Machine,1776,77.31,6.73,2.14,74.51,No,Bi-Annual
664,Lathe Machine,3266,60.99,5.74,2.62,132.11,No,Bi-Annual
665,Hydraulic Press,802,61.21,5.17,4.53,484.34,No,Annual
666,3D Printer,1138,80.72,3.11,4.46,242.68,No,Monthly
667,CNC Machine,555,31.11,3.73,4.11,334.41,No,Bi-Annual
668,3D Printer,1025,53.88,3.61,2.6,376.75,No,Bi-Annual
669,Lathe Machine,4623,87.31,6.07,3.71,215.13,No,Quarterly
670,Drilling Machine,2625,72.23,2.08,2.61,116.25,No,Monthly
671,Grinding Machine,3787,53.61,9.25,4.36,142.96,No,Annual
672,Lathe Machine,864,93.39,7.49,2.07,190.97,No,Quarterly
673,Lathe Machine,2146,84.08,4.61,4.85,336.23,No,Bi-Annual
674,Milling Machine,1418,48.54,2.43,4.67,229.23,No,Quarterly
675,Drilling Machine,3297,75.17,8.94,3.73,53.07,No,Quarterly
676,Hydraulic Press,2031,71.7,8.41,1.47,285.53,No,Bi-Annual
677,Grinding Machine,3845,58.08,7.5,0.75,464.68,Yes,Monthly
678,3D Printer,2406,55.69,3.44,4.29,415.43,No,Monthly
679,CNC Machine,3586,54.05,4.62,0.91,421.35,No,Quarterly
680,Lathe Machine,2575,73.2,1.92,4.29,407.78,No,Bi-Annual
681,Hydraulic Press,1213,60.97,2.7,2.5,195.68,Yes,Annual
682,Grinding Machine,1562,88.23,8.05,2.09,394.34,No,Quarterly
683,CNC Machine,2476,76.87,7.44,4.53,114.42,No,Annual
684,Hydraulic Press,1796,34.9,6.34,3.06,345.97,No,Quarterly
685,Drilling Machine,625,74.81,9.06,2.93,338.71,No,Quarterly
686,Drilling Machine,4096,48.98,6.25,2.84,61.51,No,Bi-Annual
687,Grinding Machine,3783,71.5,5.2,1.92,404.59,No,Bi-Annual
688,3D Printer,2103,77.61,4.06,3.95,456.46,No,Annual
689,Welding Machine,566,46.16,9.46,1.34,170.34,No,Annual
690,CNC Machine,732,61.98,1.74,4.7,415.58,No,Monthly
691,Drilling Machine,2656,43.32,9.38,4.48,87.08,No,Bi-Annual
692,Welding Machine,1669,33.66,8.44,1.75,319.99,No,Quarterly
693,Grinding Machine,2658,56.49,2.17,3.67,268.54,No,Quarterly
694,Drilling Machine,4706,55.41,6.08,2.91,295.67,No,Monthly
695,Drilling Machine,1993,99.68,8.8,1.75,466.79,No,Bi-Annual
696,Hydraulic Press,4507,61.24,6.15,4.94,442.09,No,Quarterly
697,Welding Machine,2972,53.35,9.16,0.22,403.29,No,Monthly
698,Hydraulic Press,3160,70.63,9.49,1.34,173.16,No,Monthly
699,Drilling Machine,3239,36.21,4.8,2.65,460.32,Yes,Quarterly
700,Welding Machine,2261,97.32,4.4,2.66,93.88,No,Quarterly
701,Milling Machine,4014,74.45,9.43,2.99,434,No,Annual
702,Welding Machine,2475,82.84,7.08,3.78,197.67,No,Bi-Annual
703,Hydraulic Press,2862,41.93,2.04,3.16,74.2,No,Annual
704,CNC Machine,1376,58.66,1.38,3.04,351.21,No,Monthly
705,Grinding Machine,4312,59.59,6.08,0.36,154.08,No,Quarterly
706,Grinding Machine,3948,87.53,9.37,1.94,159.61,No,Annual
707,3D Printer,1812,30.09,8.6,1.24,187.72,No,Monthly
708,CNC Machine,1960,51.06,7.08,1.4,78.66,No,Bi-Annual
709,CNC Machine,3209,98.69,2.25,2.82,129.71,No,Quarterly
710,CNC Machine,2824,63.24,3.29,1.08,52.31,No,Annual
711,3D Printer,2233,56.78,8.88,1.54,250.43,No,Bi-Annual
712,CNC Machine,2105,38.39,2.65,1.26,87.91,No,Annual
713,Lathe Machine,3063,98.19,3.51,4.75,357.19,No,Monthly
714,3D Printer,3921,31.4,2.17,4.73,156.03,No,Bi-Annual
715,Grinding Machine,4017,81.6,7.08,3.09,474.61,No,Annual
716,Lathe Machine,2897,83.8,9.5,4.63,442.06,No,Bi-Annual
717,3D Printer,4235,47.06,3.42,3.95,180.25,No,Monthly
718,Drilling Machine,3370,77.01,5.28,2.99,402.45,No,Bi-Annual
719,Drilling Machine,1660,36.51,6.71,0.13,411.46,No,Annual
720,Grinding Machine,742,47.99,10,3.89,493.95,No,Monthly
721,Drilling Machine,3090,85.15,1.94,3.54,319.03,No,Quarterly
722,CNC Machine,1563,90.53,5.49,3.11,86.88,No,Annual
723,3D Printer,4824,72.59,4.47,3.83,341.08,No,Annual
724,Lathe Machine,3095,65.48,8.79,2.61,331.24,No,Monthly
725,CNC Machine,1419,41.15,5.28,3.55,337.26,No,Monthly
726,Drilling Machine,505,34.42,2,4.68,188.22,No,Quarterly
727,Hydraulic Press,967,38.24,6.71,1.94,436.86,No,Annual
728,Welding Machine,4670,45.92,7.94,3.57,481.76,No,Monthly
729,Lathe Machine,503,53.92,1.03,2.43,147.97,No,Quarterly
730,CNC Machine,1145,56.66,8.73,3.4,89.67,No,Quarterly
731,3D Printer,617,54.24,2.67,3.84,137.54,No,Monthly
732,Grinding Machine,3428,46.73,5.97,0.32,419.25,No,Annual
733,CNC Machine,3051,65.68,4.74,3.27,354.49,No,Bi-Annual
734,Hydraulic Press,4789,87.77,7.48,1.21,336.22,No,Bi-Annual
735,Drilling Machine,1346,49.58,4.34,3.38,230.81,Yes,Quarterly
736,Lathe Machine,3262,95.97,8.83,2.39,310.02,No,Bi-Annual
737,Grinding Machine,1641,91.13,7.57,3.89,188.54,No,Bi-Annual
738,Lathe Machine,2310,41.32,6.83,0.7,264.74,No,Monthly
739,Grinding Machine,1223,85.04,8.17,3.17,406.88,No,Quarterly
740,Welding Machine,724,70.22,7.79,1.46,491.56,No,Annual
741,3D Printer,4708,69.66,1.32,4.28,469.62,No,Quarterly
742,Lathe Machine,2548,57.37,4.55,4.65,470.24,Yes,Monthly
743,Drilling Machine,4915,65.08,9.38,4.98,231,No,Bi-Annual
744,3D Printer,2073,57.8,2.13,4,260.96,No,Annual
745,3D Printer,2328,67.78,7.63,3.79,367.54,No,Quarterly
746,Welding Machine,2417,73.96,9.77,1.16,464.99,No,Bi-Annual
747,Grinding Machine,4734,77.2,1.47,1.75,113.9,No,Quarterly
748,Milling Machine,2526,67.27,7.14,2.38,186.91,No,Annual
749,Lathe Machine,4244,80.5,5.21,3.89,112.66,Yes,Quarterly
750,Lathe Machine,1401,39.89,6.21,4.58,325.4,No,Quarterly
751,CNC Machine,2539,44.84,1.77,1.03,187.84,Yes,Quarterly
752,Grinding Machine,509,87.31,1.39,4.62,196.75,No,Bi-Annual
753,Hydraulic Press,760,52.58,7,3.51,81.91,No,Annual
754,Milling Machine,2173,31.6,8.41,3.09,207.41,No,Annual
755,Drilling Machine,2719,40.77,8.04,1.08,438.12,No,Bi-Annual
756,CNC Machine,2560,45.65,5.89,0.37,154.88,No,Bi-Annual
757,Welding Machine,4213,97.01,1.9,2.89,362.83,No,Bi-Annual
758,Milling Machine,2119,70.11,7.19,3.29,333.33,Yes,Monthly
759,Grinding Machine,820,95.29,3.18,1.13,438.57,No,Quarterly
760,Milling Machine,1842,70.26,9.2,2.83,109.53,Yes,Quarterly
761,Welding Machine,2876,63.55,8.54,4.3,489.92,No,Annual
762,3D Printer,3332,51.96,7.38,4.19,312.18,No,Quarterly
763,Lathe Machine,3324,72.45,9.54,4.64,497.96,No,Monthly
764,3D Printer,2494,39.74,1.28,1.89,460.18,No,Bi-Annual
765,Lathe Machine,3458,92.88,7.63,1.66,149.68,No,Annual
766,CNC Machine,2538,88.05,3.97,3.77,75.27,No,Annual
767,Welding Machine,3990,52.23,9.15,2.21,165.04,No,Quarterly
768,Grinding Machine,4177,96.7,3.4,0.53,287.4,No,Annual
769,Grinding Machine,1618,87.76,7.52,1.49,127.22,No,Bi-Annual
770,Milling Machine,2104,76.64,8.9,2.15,125.36,No,Annual
771,CNC Machine,4527,38.52,1.37,1.53,258.17,No,Bi-Annual
772,Grinding Machine,735,63.48,4.58,1.73,64.97,No,Monthly
773,Hydraulic Press,2469,65.43,7.86,1.54,104.85,No,Monthly
774,Hydraulic Press,4929,46.28,5.09,0.3,237.14,No,Bi-Annual
775,3D Printer,2408,35.6,3.41,3.22,78.41,Yes,Quarterly
776,Lathe Machine,875,84.37,2.98,3.03,228.54,No,Annual
777,Milling Machine,4030,38.54,2.18,3.3,263.3,No,Quarterly
778,Drilling Machine,3135,71.6,8.71,1.04,253.07,Yes,Annual
779,Welding Machine,2070,95.55,6.18,1.55,441.13,No,Monthly
780,Lathe Machine,3060,91.33,1.69,3.14,288.53,No,Monthly
781,CNC Machine,3891,49.44,4.44,3.04,260.59,No,Monthly
782,Grinding Machine,3465,89.6,4.31,2.58,234.82,No,Annual
783,Lathe Machine,4143,30.02,2.64,1.82,417.93,No,Monthly
784,Drilling Machine,4350,31.24,4.92,4.57,452.78,No,Monthly
785,Drilling Machine,1372,72.18,3.99,1.76,433.96,No,Monthly
786,Hydraulic Press,1752,55.54,4.08,2.33,353.1,No,Monthly
787,CNC Machine,1814,57.05,7.65,3.42,111.81,No,Quarterly
788,Lathe Machine,3398,69.51,3.01,2.76,174.59,No,Monthly
789,Milling Machine,577,43.42,6.78,1.8,70.73,No,Monthly
790,Lathe Machine,3121,44.82,6.14,2.23,468.87,No,Quarterly
791,Hydraulic Press,4727,63.92,6.11,3.99,347.36,No,Quarterly
792,3D Printer,1100,82.8,6.97,1.46,385.86,No,Annual
793,Drilling Machine,1565,73.36,5.94,0.8,190.21,Yes,Bi-Annual
794,CNC Machine,2636,50.81,8.91,1.63,430.54,No,Monthly
795,CNC Machine,2949,60.12,7.08,4.26,166.82,No,Monthly
796,Milling Machine,2843,41.95,5.92,0.54,50.74,No,Monthly
797,CNC Machine,2363,35.22,8.47,4.96,219.39,No,Annual
798,Hydraulic Press,1818,84.79,6.46,2.75,306.84,No,Monthly
799,Hydraulic Press,4097,48.58,3.62,4.93,265.42,No,Bi-Annual
800,Hydraulic Press,4262,42.44,2.86,4.7,437.93,No,Quarterly
801,CNC Machine,2690,78.41,2.37,2.32,97.43,No,Annual
802,CNC Machine,1492,73.26,9.1,1.07,299.22,No,Quarterly
803,Hydraulic Press,3212,74.32,7.39,0.91,280.84,No,Monthly
804,CNC Machine,2692,46.02,9.44,1.28,176.63,No,Monthly
805,Welding Machine,1748,46.29,6.43,3.58,420,Yes,Monthly
806,CNC Machine,3554,45.46,5.26,1.44,388.78,No,Bi-Annual
807,Welding Machine,4533,42.16,1.54,1.77,379.79,No,Bi-Annual
808,Drilling Machine,2497,75.9,7.04,2.3,444.29,No,Annual
809,Lathe Machine,4187,89.36,6.24,4.57,375.25,No,Quarterly
810,Grinding Machine,2651,80.7,9.91,1.03,154.33,No,Monthly
811,Welding Machine,4518,85.45,3.15,0.12,367.5,No,Monthly
812,Welding Machine,3610,58.34,5.78,0.39,188.47,Yes,Monthly
813,CNC Machine,2470,75.79,6.86,4.53,158.98,Yes,Monthly
814,Grinding Machine,697,54.8,6.8,3.27,82.85,No,Bi-Annual
815,3D Printer,3126,66.79,6.05,1.44,384.81,No,Quarterly
816,Grinding Machine,1702,63.71,7.99,0.97,369.95,No,Quarterly
817,Drilling Machine,2535,42.38,2.84,1.54,155.52,No,Annual
818,Welding Machine,977,57.1,7.53,0.66,387.22,No,Bi-Annual
819,CNC Machine,1754,97.47,6.58,4.71,463.03,No,Monthly
820,Hydraulic Press,1422,47.4,9.06,3.94,98.61,No,Quarterly
821,Grinding Machine,919,39.37,8.62,2.37,154.69,No,Quarterly
822,CNC Machine,2704,59.3,3.84,4.34,387.62,Yes,Bi-Annual
823,Milling Machine,3097,85.32,3.49,1.32,173.53,No,Annual
824,3D Printer,1620,70.75,9.83,3.61,331.1,No,Annual
825,Hydraulic Press,3568,77.67,5.75,4.3,86.52,No,Monthly
826,Milling Machine,1450,43.28,9.16,1.85,253.49,No,Annual
827,Milling Machine,2836,73.33,2.47,3.81,382.59,No,Quarterly
828,Grinding Machine,2743,52.65,6.79,1.55,358.93,No,Annual
829,Milling Machine,3145,88.4,8.29,1.56,416.78,No,Monthly
830,Drilling Machine,2357,74.05,9.53,0.62,444.85,No,Quarterly
831,Drilling Machine,2365,43.92,4.04,2.26,397.93,No,Annual
832,Grinding Machine,3412,34.52,7.52,3.68,352.21,No,Annual
833,CNC Machine,3353,32.98,5.85,4.71,64.28,No,Bi-Annual
834,Lathe Machine,3728,56,1.55,3.06,290.74,No,Monthly
835,CNC Machine,4219,48.61,7.21,4.33,66.96,Yes,Annual
836,CNC Machine,3728,75.23,7.21,4.13,413.63,No,Bi-Annual
837,CNC Machine,2871,64.95,9.38,0.95,194.33,Yes,Quarterly
838,CNC Machine,3391,48.62,5.48,2.48,303.09,No,Bi-Annual
839,Hydraulic Press,4256,40.45,3.07,0.67,175.75,No,Bi-Annual
840,Lathe Machine,4725,38.9,1.4,3.44,402.13,No,Annual
841,Hydraulic Press,594,90.53,4.74,4.75,448.93,No,Annual
842,Milling Machine,3174,47.04,3.72,0.77,229.39,No,Annual
843,3D Printer,2455,75.62,7.85,3.7,438.32,No,Bi-Annual
844,CNC Machine,1293,86.75,4.19,3.2,170.18,No,Quarterly
845,3D Printer,2334,72.99,9.54,2.96,290.6,No,Monthly
846,Drilling Machine,2616,90.17,9.66,2.01,436.44,Yes,Bi-Annual
847,Grinding Machine,4606,57.47,6.59,1.84,196.65,No,Annual
848,Grinding Machine,3825,96.94,9.36,0.32,479.32,No,Monthly
849,Hydraulic Press,3419,39.32,7.85,1.17,104.85,No,Quarterly
850,Hydraulic Press,3097,37.15,5.92,0.17,58.22,No,Monthly
851,Drilling Machine,3705,76.11,2.62,2.95,456.86,No,Annual
852,CNC Machine,1314,96,5.13,0.62,80.89,No,Bi-Annual
853,3D Printer,845,86.62,6.05,4.38,496.35,No,Bi-Annual
854,Welding Machine,2849,35.35,8.78,2.66,478.13,Yes,Annual
855,3D Printer,862,49.56,5.33,3.53,111.66,No,Bi-Annual
856,Lathe Machine,2943,95.12,9.08,2.11,291.91,No,Annual
857,Milling Machine,2765,47.71,7.07,2.85,133.21,No,Bi-Annual
858,Grinding Machine,2688,84.68,2.23,4.72,242.67,No,Bi-Annual
859,Milling Machine,3505,87.76,9.95,0.51,77.64,No,Bi-Annual
860,Lathe Machine,3781,64.68,5.75,1.34,150.77,Yes,Quarterly
861,Hydraulic Press,1484,57.04,4.53,3.92,213.47,No,Quarterly
862,3D Printer,2139,61.51,6.93,0.58,247.39,No,Annual
863,Grinding Machine,1327,45.89,1.98,0.47,489.87,No,Quarterly
864,Milling Machine,3230,92.26,6.73,1.87,413.54,Yes,Annual
865,Welding Machine,4031,61.54,5.48,0.55,381.83,No,Monthly
866,Hydraulic Press,4951,91.77,4.66,2.97,291.67,Yes,Monthly
867,Lathe Machine,3435,37.4,9.58,1.21,428,No,Quarterly
868,Welding Machine,4376,99.18,5.7,4.49,202.7,No,Monthly
869,Milling Machine,626,61.03,2.97,3.94,369,No,Monthly
870,Welding Machine,3677,33.35,5.13,3.53,497.2,Yes,Bi-Annual
871,3D Printer,3556,32.66,9.27,3.12,191.58,No,Bi-Annual
872,CNC Machine,1103,82.23,2.58,4.33,353.31,No,Annual
873,Welding Machine,3949,76.13,2.93,1.19,429.94,No,Monthly
874,Hydraulic Press,4646,86.15,1.12,4.38,462.11,No,Annual
875,Lathe Machine,4033,37.38,1.13,3.97,373.07,Yes,Annual
876,Milling Machine,3867,32.49,8.46,3.77,177.62,No,Monthly
877,3D Printer,3868,65.6,7.59,2.85,196.83,No,Quarterly
878,CNC Machine,4297,57.13,4.2,1.31,59.34,No,Monthly
879,CNC Machine,2292,62.34,7.28,2.18,392.4,No,Bi-Annual
880,Lathe Machine,3361,99.41,4.56,3.99,69.23,No,Monthly
881,Drilling Machine,3976,97.95,9.58,0.26,439.09,No,Quarterly
882,3D Printer,3917,95.96,9.7,3.93,103.4,Yes,Annual
883,3D Printer,2145,84.87,4.54,1.28,127.34,No,Annual
884,Grinding Machine,1705,54.84,8.69,0.81,264.44,No,Bi-Annual
885,Lathe Machine,3530,58.85,7.96,0.67,382.05,No,Bi-Annual
886,CNC Machine,3372,68.47,3.79,0.23,112.55,No,Bi-Annual
887,CNC Machine,3572,88.14,3.09,2.67,248.03,No,Annual
888,Welding Machine,2354,34.81,5.12,1.17,267.28,No,Bi-Annual
889,Lathe Machine,4521,59.7,8.03,4.95,145.53,Yes,Monthly
890,Drilling Machine,3208,35.78,9.64,2.91,102,Yes,Annual
891,Grinding Machine,4002,66.03,7.87,0.78,426.39,No,Quarterly
892,Milling Machine,1832,92.92,8.7,3.47,276.11,No,Annual
893,Lathe Machine,701,84.77,6.43,4.5,56.47,No,Monthly
894,Grinding Machine,4007,45.95,8.52,3.75,411.34,No,Monthly
895,3D Printer,4712,98.32,8.06,0.47,491.36,No,Bi-Annual
896,Grinding Machine,1074,76.71,4.39,4.49,322.67,No,Annual
897,Welding Machine,1036,30.73,5.97,3.99,276.67,No,Annual
898,Hydraulic Press,2125,47.88,8.24,0.88,445.29,Yes,Annual
899,CNC Machine,2622,48.25,1.41,0.35,478.63,No,Quarterly
900,Welding Machine,885,34.85,8.27,2.83,389.54,No,Bi-Annual
901,Milling Machine,3781,97.19,2.6,0.86,250.45,No,Monthly
902,Lathe Machine,974,63.48,5.63,4.19,316.5,No,Monthly
903,Welding Machine,917,92.71,8.27,1.86,365.42,No,Bi-Annual
904,CNC Machine,4100,52.56,3.28,4.57,137.42,No,Monthly
905,Hydraulic Press,1454,38.77,3.21,2.87,251.24,No,Monthly
906,Welding Machine,1705,63.2,4.62,1,423.42,No,Bi-Annual
907,Hydraulic Press,4620,37.98,9.05,0.78,344.63,Yes,Monthly
908,Welding Machine,2490,64.02,1,2.92,235.04,No,Annual
909,CNC Machine,4072,94.42,9.11,3.83,348.51,No,Quarterly
910,Drilling Machine,4880,66.45,2.38,3.93,103.2,No,Bi-Annual
911,Grinding Machine,4658,73.15,9.91,1.45,230.67,No,Quarterly
912,Lathe Machine,3213,40.96,9.59,1.1,406.91,No,Monthly
913,Lathe Machine,2703,33.06,5.45,0.18,149.23,No,Monthly
914,Lathe Machine,3620,37.76,5.61,3.43,133.68,No,Annual
915,CNC Machine,1466,71.9,5.33,0.48,477.87,No,Bi-Annual
916,3D Printer,3932,36.65,6.72,2.16,144.45,No,Monthly
917,Drilling Machine,1188,56.32,1.82,3.05,167.41,No,Bi-Annual
918,Milling Machine,4743,68.51,1.29,4.69,486.33,No,Bi-Annual
919,Hydraulic Press,4201,57.21,1.52,1.63,380.62,Yes,Bi-Annual
920,CNC Machine,841,41.46,5,1.32,364.82,No,Bi-Annual
921,3D Printer,2224,49.17,3.48,3.31,433.82,No,Bi-Annual
922,Milling Machine,4922,94.98,6.6,3.13,102.12,No,Quarterly
923,Hydraulic Press,2292,77.32,9.93,1.73,367.68,No,Annual
924,Hydraulic Press,2259,64.72,4.48,4.65,276.66,No,Bi-Annual
925,Drilling Machine,3712,30.89,6.16,4.24,423.12,No,Quarterly
926,Grinding Machine,1489,99.47,4.74,1.2,278.66,No,Monthly
927,Lathe Machine,2762,77,8.63,1.27,329.11,No,Bi-Annual
928,Welding Machine,2982,52.18,9.12,2.61,264.98,No,Monthly
929,Milling Machine,1451,91.55,8.9,3.89,265.17,No,Bi-Annual
930,CNC Machine,1222,48.09,9.77,0.32,395.59,No,Quarterly
931,Milling Machine,3889,68.08,1.25,3.5,332.85,No,Quarterly
932,Grinding Machine,2579,74.52,8.56,3.28,334.97,Yes,Quarterly
933,Lathe Machine,3217,45.47,7.77,1.23,252.63,No,Annual
934,Milling Machine,2832,98.49,3.06,3.44,289,No,Monthly
935,Grinding Machine,3876,82.37,9.61,4.71,385.57,No,Annual
936,CNC Machine,2000,69.05,2.33,0.33,421.67,No,Bi-Annual
937,Drilling Machine,785,42.64,7.12,1.67,363.45,No,Monthly
938,3D Printer,3995,33.77,3.02,2.25,465.83,No,Quarterly
939,Hydraulic Press,2565,52.4,4.88,4.51,419.15,No,Monthly
940,CNC Machine,1268,82.72,7.47,4.82,302.84,No,Quarterly
941,Lathe Machine,3557,48.85,6.07,2.28,352.13,No,Annual
942,Hydraulic Press,4789,67.77,4.85,3.78,466.84,No,Annual
943,3D Printer,2661,80.96,3.94,2.71,328.63,No,Quarterly
944,CNC Machine,3793,37.56,8.56,2.74,421.16,No,Quarterly
945,Welding Machine,1446,77.97,2.29,1.46,359.96,No,Bi-Annual
946,CNC Machine,3835,36.43,4.87,1.16,298.37,No,Annual
947,CNC Machine,4650,97.56,9.13,1.51,158.83,No,Annual
948,Welding Machine,1981,64.19,8.61,2.83,241.7,No,Bi-Annual
949,CNC Machine,2401,40.55,4.61,0.24,485.48,Yes,Annual
950,Hydraulic Press,3951,53.97,7.87,4.55,345.99,No,Quarterly
951,Lathe Machine,4564,58.94,8.41,0.87,303.98,No,Monthly
952,3D Printer,554,83.07,9,1.18,469.83,No,Monthly
953,Grinding Machine,2323,82.04,5.9,2.64,313.93,Yes,Annual
954,Milling Machine,3962,72.84,2.84,3.58,286.74,No,Bi-Annual
955,Welding Machine,3579,37.42,3.3,0.57,391.69,Yes,Quarterly
956,Drilling Machine,1332,40.61,3.66,1.66,370.7,No,Monthly
957,Welding Machine,4908,36.56,6.34,4.85,136.92,Yes,Quarterly
958,3D Printer,3306,70.4,1.3,1.39,262.09,No,Annual
959,Milling Machine,2990,91.4,6.72,1.63,262.63,No,Annual
960,Milling Machine,827,60.37,4.28,4.2,220.2,No,Monthly
961,Drilling Machine,3810,41.26,3.66,0.35,282.78,No,Annual
962,3D Printer,3800,69.06,8.92,2.38,235.9,No,Bi-Annual
963,Hydraulic Press,4175,86.82,5.14,1.96,139.71,No,Annual
964,Lathe Machine,3554,81.92,1.86,1.65,235.56,No,Annual
965,Drilling Machine,2643,91.7,8.44,1.5,82.52,No,Annual
966,Lathe Machine,1811,49.45,1.43,0.55,309.1,Yes,Quarterly
967,Hydraulic Press,3691,43.58,7.54,1.64,434.14,No,Quarterly
968,Milling Machine,3038,91.59,7.97,0.31,376.38,No,Monthly
969,Lathe Machine,4483,76.03,4.17,3.93,212.18,No,Monthly
970,Hydraulic Press,664,51.77,8.42,2.05,89.18,Yes,Monthly
971,Hydraulic Press,4777,81.96,5.64,2.28,140.97,No,Annual
972,Grinding Machine,1322,87.06,5.17,4.48,295.47,No,Quarterly
973,Drilling Machine,1443,73.05,1.41,3.32,143.18,No,Bi-Annual
974,Grinding Machine,4925,78.15,3.61,0.14,294.79,No,Annual
975,Welding Machine,1274,56.27,9.38,4.72,154.22,No,Annual
976,Milling Machine,2698,67.71,4.53,1.26,432.02,No,Annual
977,Drilling Machine,3656,66.69,5.92,0.63,228.77,No,Bi-Annual
978,Milling Machine,4742,89.36,5.79,3.86,160.5,No,Monthly
979,Grinding Machine,4195,88.8,6.31,2.55,415.55,No,Bi-Annual
980,3D Printer,3952,88.29,1.55,2.23,204.28,No,Monthly
981,Hydraulic Press,1414,30.77,4.26,1.32,100.17,No,Bi-Annual
982,Milling Machine,1808,82.47,7.51,2.78,306.68,No,Quarterly
983,Drilling Machine,4677,83.11,2.81,1.44,311.7,No,Annual
984,Welding Machine,1013,77.49,2.83,4.52,371.61,No,Annual
985,Drilling Machine,2420,82.94,1.09,1.15,158.1,Yes,Annual
986,Milling Machine,4094,88.94,4.94,4.43,249.7,No,Monthly
987,Drilling Machine,1909,62.92,8.94,2.84,177.07,No,Bi-Annual
988,Welding Machine,3690,65.14,1.47,4.16,86.43,No,Quarterly
989,Hydraulic Press,4991,38.73,2.72,3.59,444.48,No,Bi-Annual
990,3D Printer,2055,56.98,3.79,3.51,377.99,No,Annual
991,Hydraulic Press,1304,75.04,7.59,1.69,185.66,No,Quarterly
992,Drilling Machine,1779,84.63,6.77,1.25,319.72,Yes,Quarterly
993,Welding Machine,4077,45.2,4.74,1.13,140.57,No,Annual
994,Welding Machine,3401,39.65,7.83,4.3,450.61,No,Bi-Annual
995,Milling Machine,1887,76.41,6.49,4.12,101.71,No,Annual
996,Grinding Machine,3261,30.13,9.06,2.26,51.73,No,Bi-Annual
997,Drilling Machine,3179,42.49,8.36,0.75,275.9,No,Quarterly
998,Drilling Machine,2606,32.03,3.28,1.97,312.41,No,Quarterly
999,Drilling Machine,4723,41.68,3.44,3.13,310.53,No,Annual
1000,Drilling Machine,3268,42.69,2.13,2.33,74.53,No,Quarterly
